Name,Role,Join Date
PH_Hilrond,Leader,10-Jan-18
PH_TalonAquila,Leader,10-Jan-18
PH_Flishbone,Owner,3-Oct-19
PH_WarlordSully,Leader,Saturday at 11:55 AM
PH_PUPPYPOW3R,Moderator,10-Jan-18
PH_Trulight,Moderator,10-Jan-18
PH_Founder,Moderator,22-Feb-19
PH_soupsix,Moderator,29-Sep-19
kdog013,Member,17-Jan-22
PH_Outkasted,Member,8-Aug-21
wordyman,Member,2-Dec-20
Hendrey86,Member,7-Sep-20
SteeZy_eF_Baby,Member,1-Sep-20
housey72,Member,1-Sep-20
PH_Narcoticcrab,Member,26-Jun-20
arkss9,Member,18-Apr-20
Manuel7777,Member,14-Apr-20
PH-Cyclone,Member,11-Apr-20
PH_Garthok_NA,Member,11-Apr-20
PH_Gudfar82,Member,24-Dec-19
ForCast,Member,9-Nov-19
PH_sirfishman,Member,7-Nov-19
Bionic Redneck,Member,25-Oct-19
PH_Chetty,Member,28-Sep-19
bull243,Member,19-Sep-19
Shadower,Member,7-Sep-19
PH_Carpman99,Member,23-Jul-19
Dusty_Fog,Member,22-Jul-19
ph_salde386,Member,19-Jul-19
PH_DoctorVapor,Member,12-Jul-19
PH_ZzzSmileYzzZ,Member,1-Jul-19
PH_Rusty1,Member,21-Jun-19
PH_Burner3200,Member,16-Jun-19
PH_Ulther712,Member,29-Apr-19
PH_MountainMan,Member,10-Mar-19
Lanceb24,Member,28-Feb-19
PH_RoosterD8,Member,26-Jan-19
PH_markrf44,Member,13-Jan-19
[PH] Rosh,Member,22-Dec-18
PH_Macguyler,Member,12-Nov-18
PH_Khronnix,Member,1-Oct-18
PH_torrent,Member,23-Sep-18
PH_Heist5,Member,9-Sep-18
PH_BFarrin,Member,24-Aug-18
PH_Lenze,Member,16-Aug-18
TsuriNoOni,Member,11-Aug-18
PerDaniel,Member,9-Aug-18
PH_G10rgos,Member,8-Aug-18
PH_Ace_Oneshot,Member,24-Jul-18
Bas.T,Member,30-Jun-18
PH_goran007,Member,18-Jun-18
polarbcotner,Member,5-Jun-18
PH_Cowboy Chip,Member,27-May-18
PH-ColoradoAngler,Member,25-May-18
PH_OpticNinjaa,Member,22-May-18
PH_CaKKuN,Member,6-May-18
Lt_Gruber,Member,6-May-18
ShadowHunter532,Member,6-May-18
PH_SetApart,Member,6-May-18
PH_Mapinguari,Member,14-Apr-18
PH_LevelWinder,Member,23-Mar-18
SkyPilot,Member,18-Mar-18
PH_PinkPantha,Member,15-Mar-18
PH_Joplin,Member,11-Mar-18
PH_fishingdad1,Member,7-Mar-18
PH_Bendigo1,Member,5-Mar-18
JagdOsprey,Member,21-Feb-18
PH_Coorz,Member,14-Feb-18
Matts,Member,10-Feb-18
PH_BioHazard54,Member,5-Feb-18
PH_Ryan1121,Member,29-Jan-18
century01,Member,27-Jan-18
PH_Prime,Member,27-Jan-18
PH_Rottweilerpower,Member,26-Jan-18
PH_gatsu52,Member,21-Jan-18
PH_Cauca6,Member,20-Jan-18
PH_SkilfullDTS1,Member,19-Jan-18
PH_Podster,Member,19-Jan-18
PH_Showstorm,Member,19-Jan-18
PH_chjkirkegade,Member,19-Jan-18
PH_reycryss,Member,19-Jan-18
PH_SWIM_with_da_FISHES,Member,19-Jan-18
PH_Cogsy666,Member,19-Jan-18
PH_Thunderchicken,Member,19-Jan-18
PH_Phoenix,Member,11-Jan-18
PH_nizz420,Member,11-Jan-18
PH_KalonaLee,Member,11-Jan-18
PH_bigdaddy012678,Member,11-Jan-18
PH_Bear,Member,10-Jan-18
